index,x,y,z,polar_deg,azimuth_deg,singlet_yield,antipodal_singlet_yield
0,0.03619216380080609,-0.0930866654221518,0.995,5.731967965197727,291.2461179749811,0.6567127425374644,0.6567127425374666
1,-0.1547437673795711,0.07635028786571275,0.985,9.936367072140724,153.73835392494323,0.653529286814053,0.6535292868140532
2,0.21334879620162187,0.06210709427528281,0.975,12.838568140984059,16.230589874905217,0.6503779977190391,0.6503779977190367
3,-0.1361545433970866,-0.224135986205542,0.965,15.203604093293013,238.7228258248674,0.6472588747101652,0.6472588747101651
4,-0.05768751900877799,0.2909418329333407,0.955,17.253853117357284,101.21506177482944,0.64417191725524,0.6441719172552427
5,0.26361988866452085,-0.19359636954371254,0.945,19.09105251286037,323.70729772479143,0.6411171248396232,0.6411171248396219
6,-0.3525736770010519,-0.038298854890946775,0.935,20.771855045328252,186.19953367475344,0.6380944969714784,0.6380944969714775
7,0.2508199246075502,0.28541963040383667,0.925,22.331645009221504,48.69176962471545,0.6351040331843649,0.6351040331843655
8,0.008336697756443563,-0.4033676976042054,0.915,23.794272950536634,271.1840055746783,0.6321457330376212,0.632145733037619
9,-0.29378180940192755,0.30768043237185144,0.905,25.176716940609722,133.6762415246403,0.629219596115217,0.6292195961152163
10,0.44506911620476447,-0.029807411841852493,0.895,26.49157020035607,356.1684774746023,0.6263256220238571,0.6263256220238567
11,-0.36356091224056825,-0.29085814943165306,0.885,27.7484787006534,218.66071342456425,0.6234638103908255,0.6234638103908212
12,0.07445680071198167,0.47836302619217574,0.875,28.95502437185985,81.15294937452629,0.6206341608618814,0.6206341608618813
13,0.27800581920885037,-0.41771732605437384,0.865,30.117294747322063,303.6451853244883,0.6178366730993966,0.6178366730993956
14,-0.5035220099089656,0.12426015265255236,0.855,31.240265216181673,166.1374212744511,0.61507134678075,0.6150713467807489
15,0.46938314425793876,0.25623127031361925,0.845,32.328064122162274,28.629657224412306,0.6123381815969879,0.6123381815969889
16,-0.178036608885238,-0.5206514821803976,0.835,33.38416180634828,251.12189317437512,0.6096371772517144,0.6096371772517151
17,-0.2263780397108227,0.5178107599661147,0.825,34.411508669769454,113.61412912433632,0.6069683334601471,0.6069683334601478
18,0.5298005482856456,-0.2347048764645281,0.815,35.41263811105957,336.1063650742991,0.6043316499483544,0.6043316499483528
19,-0.5622917434517565,-0.1892167943021553,0.8049999999999999,36.38974467753356,198.59860102426032,0.601727126452561,0.6017271264525607
20,0.29324857762074485,0.5310181463221477,0.795,37.34474435401478,61.09083697422315,0.5991547627185841,0.5991547627185834
21,0.1454916484121819,-0.6021687307078524,0.785,38.27932173792774,283.58307292418596,0.5966145585012874,0.5966145585012865
22,-0.5243836430365365,0.3526992981503226,0.775,39.194967425982945,146.07530887414714,0.5941065135641315,0.5941065135641337
23,0.6368434976776907,0.09594456454455917,0.765,40.093007985129766,8.567544824109973,0.5916306276787394,0.5916306276787382
24,-0.41212906099848196,-0.5100241534285505,0.755,40.974630229445324,231.05978077407116,0.5891869006244832,0.5891869006244828
25,-0.04132776811815239,0.6657830093824655,0.745,41.84090107138922,93.55201672403399,0.5867753321881308,0.58677533218813
26,0.48812430944349905,-0.47064812602442946,0.735,42.692783894937804,316.0442526739968,0.5843959221634885,0.584395922163488
27,-0.6885241909678856,0.01759086274230014,0.725,43.531152167372454,178.5364886239564,0.5820486703510621,0.5820486703510609
28,0.5274059083958755,0.45893137590398114,0.7150000000000001,44.356800838250685,41.028724573919185,0.5797335765577589,0.5797335765577585
29,-0.08002675903075564,-0.7046777404168754,0.7050000000000001,45.17045594982263,263.52096052388197,0.5774506405965761,0.5774506405965758
30,-0.42275728388434836,0.5815937404432138,0.6950000000000001,45.97278279027701,126.01319647384483,0.5751998622863257,0.5751998622863261
31,0.7139311177155941,-0.14518043655176957,0.685,46.76439285101782,348.50543242380763,0.5729812414513606,0.5729812414513624
32,-0.6324486940434512,-0.3799784854471804,0.675,47.54584979559906,210.9976683737672,0.57079477792133,0.5707947779213274
33,0.21224114693533927,0.7160507632476706,0.665,48.31767460666049,73.48990432373002,0.5686404715309115,0.5686404715309143
34,0.3310341813183721,-0.6792579560070497,0.655,49.08035004511349,295.98214027369283,0.5665183221196126,0.566518322119612
35,-0.7108835625767573,0.2803917981292916,0.645,49.83432453067044,158.47437622365567,0.5644283295315233,0.564428329531524
36,0.721363411153993,0.27642327877419265,0.635,50.580015532941005,20.966612173618483,0.562370493615124,0.5623704936151216
37,-0.34881473150467734,-0.6983575610568843,0.625,51.31781254651057,243.45884812357804,0.5603448142230811,0.5603448142230817
38,-0.21670032626921526,0.7581661879791367,0.615,52.04807971075356,105.95108407354087,0.5583512912120712,0.5583512912120733
39,0.6784819286774496,-0.4166980591005052,0.605,52.77115812492646,328.4433200235037,0.5563899244425913,0.5563899244425915
40,-0.7891309866728363,-0.1524706065861745,0.595,53.48736790080602,190.9355559734665,0.5544607137788037,0.5544607137788055
41,0.4832423373605845,0.6513461778365474,0.585,54.197009988385915,53.427791923426064,0.5525636590883789,0.5525636590883788
42,0.08438453171197301,-0.8137900532740315,0.575,54.90036780460649,275.9200278733889,0.5506987602423429,0.5506987602423444
43,-0.6171186416704142,0.5476674009860938,0.565,55.597708690527696,138.41226382335174,0.5488660171149536,0.5488660171149556
44,0.8317466950794509,0.013131459340500426,0.5549999999999999,56.28928521857407,0.904499773314524,0.5470654295835576,0.5470654295835561
45,-0.6092192124494792,-0.576044226759054,0.5449999999999999,56.97533636833415,223.39673572327735,0.5452969975284748,0.5452969975284754
46,0.06056696333837419,0.8426782558912791,0.535,57.65608858676658,85.88897167323691,0.5435607208329022,0.5435607208329002
47,0.5284414607382487,-0.6671766052349453,0.525,58.33175674645835,308.3812076231997,0.5418565993827842,0.5418565993827827
48,-0.846338488114677,0.13596383171918391,0.515,59.00254501371986,170.87344357316255,0.5401846330667385,0.540184633066739
49,0.7208578155712303,0.47469886215354906,0.505,59.66864763672861,33.365679523125365,0.5385448217759623,0.5385448217759607
50,-0.21229430048696069,-0.8425592738678699,0.49499999999999994,60.3302496625971,255.85791547308818,0.5369371654041414,0.5369371654041416
51,-0.4152706665479463,0.7696267104933562,0.485,60.98752759110246,118.35015142304775,0.5353616638473878,0.5353616638473865
52,0.8312516602277,-0.28878309744286024,0.47499999999999987,61.640649971842535,340.8423873730138,0.5338183170041654,0.5338183170041629
53,-0.8128986308849299,-0.350671949128251,0.4649999999999999,62.289777950748444,203.33462332297339,0.5323071247752297,0.5323071247752296
54,0.36465214968786636,0.8124061851857223,0.45499999999999985,62.935065771166634,65.82685927293295,0.5308280870635724,0.5308280870635724
55,0.28147319029676776,-0.8501457775841504,0.44499999999999995,63.57666123410324,288.319095222899,0.5293812037743691,0.52938120377437
56,-0.7860924812634521,0.43912823969891673,0.43500000000000005,64.21470612168888,150.8113311728586,0.5279664748149335,0.5279664748149321
57,0.8809020772335512,0.2082943357982038,0.425,64.84933658745629,13.30356712281815,0.5265839000946776,0.5265839000946793
58,-0.5114506110446985,-0.7524581532962511,0.4150000000000001,65.48068351661958,235.79580307278422,0.525233479525084,0.5252334795250834
59,-0.13179840815309066,0.9047674726736762,0.40499999999999997,66.10887285919111,98.28803902274379,0.5239152130196586,0.5239152130196602
60,0.7117269358092483,-0.5808784458417942,0.39499999999999996,66.7340259384635,320.78027497270983,0.5226291004939195,0.5226291004939221
61,-0.9214115905414144,-0.05268473038690407,0.38500000000000006,67.3562597371149,183.27251092266943,0.5213751418653708,0.5213751418653702
62,0.6466981387080233,0.6641961437644593,0.3749999999999999,67.97568716295784,45.764746872629,0.5201533370534739,0.520153337053474
63,-0.028318173212731283,-0.9305767464674226,0.36499999999999994,68.5924172961438,268.2569828225951,0.5189636859796437,0.5189636859796439
64,-0.6102334383091954,0.7082302950095664,0.3549999999999999,69.20655561945125,130.74921877255463,0.5178061885672364,0.5178061885672355
65,0.932080255949528,-0.11045993150940478,0.34499999999999986,69.8182042331226,353.2414547225207,0.5166808447415332,0.5166808447415319
66,-0.7648363846862601,-0.5502729365142822,0.3349999999999999,70.42746205557108,215.73369067248026,0.5155876544297355,0.5155876544297363
67,0.19297586589615756,0.9258160266390015,0.3249999999999999,71.03442501115143,78.22592662243983,0.5145266175609727,0.5145266175609727
68,0.4848107009619184,-0.8159249868908375,0.3149999999999999,71.63918620607416,300.7181625724059,0.5134977340662826,0.513497734066282
69,-0.9117554154204853,0.27509464271668094,0.30500000000000005,72.24183609344259,163.21039852236547,0.5125010038786267,0.512501003878629
70,0.8609575651079133,0.4143996514036337,0.2950000000000001,72.8424626283018,25.702634472331546,0.5115364269328954,0.5115364269328947
71,-0.3560459657901024,-0.889947341276209,0.2849999999999999,73.44115141350761,248.1948704222911,0.5106040031658959,0.5106040031658967
72,-0.339643946545412,0.8994537173057084,0.2750000000000001,74.03798583715276,110.68710637225067,0.5097037325163777,0.5097037325163785
73,0.8605176524727745,-0.4350682357777285,0.2650000000000001,74.63304720222229,333.1793423222167,0.5088356149250323,0.508835614925032
74,-0.9309958510002714,-0.26119288929884843,0.255,75.22641484909252,195.6715782721763,0.507999650334502,0.5079996503345027
75,0.5114161035149035,0.8236677540523446,0.24500000000000005,75.81816627143655,58.16381422213588,0.5071958386893942,0.5071958386893921
76,0.17973441353562639,-0.9552332388432705,0.23499999999999996,76.40837722605214,280.6560501721019,0.506424179936286,0.5064241799362869
77,-0.7796725089061894,0.5843678455013828,0.22499999999999998,76.99712183708606,143.1482861220615,0.5056846740237534,0.5056846740237549
78,0.9718854164361025,0.0959882144787769,0.2149999999999999,77.58447269509153,5.640522072027586,0.5049773209023622,0.5049773209023624
79,-0.6532324914983223,-0.7288774328039621,0.20499999999999996,78.1705009513206,228.13275802198714,0.5043021205246984,0.504302120524698
80,-0.010698588320649379,0.9807448904827113,0.19499999999999995,78.75527640762357,90.62499397194672,0.5036590728453713,0.5036590728453699
81,0.6716952105998923,-0.7173566365882219,0.18499999999999997,79.33886760229882,313.1172299219128,0.5030481778210354,0.503048177821036
82,-0.9816791320629378,0.07537295053370927,0.17499999999999993,79.92134189221234,175.60946587187237,0.5024694354104059,0.5024694354104055
83,0.7761308731041651,0.6086015673776782,0.1650000000000001,80.50276553148295,38.101701821838425,0.501922845574262,0.5019228455742615
84,-0.16145520406804015,-0.9746318366846772,0.15500000000000008,81.08320374700904,260.593937771798,0.5014084082754752,0.5014084082754761
85,-0.5401305344837406,0.8289957814840246,0.1450000000000001,81.6627208110943,123.08617372175756,0.5009261234790147,0.5009261234790152
86,0.9596234397949192,-0.24677490511834307,0.135,82.24138011141319,345.57840967172365,0.500475991151964,0.5004759911519633
87,-0.8754474233259834,-0.4668691561796479,0.1250000000000001,82.81924421854171,208.07064562168318,0.5000580112635319,0.5000580112635326
88,0.3305643389631055,0.936750883536218,0.11500000000000003,83.3963749512661,70.56288157164927,0.49967218378506745,0.49967218378506884
89,0.3894516879693365,-0.9150422846720443,0.10499999999999995,83.97283343986891,293.05511752160885,0.49931850869007643,0.49931850869007605
90,-0.9061866376621157,0.41206889924214046,0.09499999999999988,84.54868018758222,155.54735347156839,0.4989969859542258,0.49899698595422554
91,0.9474016227765701,0.3085533424876831,0.08499999999999994,85.12397513038705,18.039589421534465,0.4987076155553521,0.4987076155553523
92,-0.4905545060378116,-0.8681769846097043,0.07499999999999989,85.69877769532964,240.53182537149402,0.4984503974734893,0.49845039747348757
93,-0.22488364312141432,0.9722151752860271,0.06499999999999988,86.27314685751786,103.02406132146011,0.498225331690853,0.49822533169085115
94,0.823039585704098,-0.5653148152702412,0.054999999999999966,86.84714119595358,325.51629727141966,0.4980324181918685,0.49803241819186717
95,-0.9892441968026008,-0.13917944924584696,0.04500000000000008,87.42081894835162,188.00853322137922,0.49787165696316893,0.49787165696316893
96,0.6356781505395801,0.7711603522786807,0.034999999999999996,87.99423806509017,50.50076917134531,0.4977430479936073,0.49774304799360736
97,0.05219772006298444,-0.9983237941771329,0.02499999999999994,88.5674562624335,272.99300512130486,0.49764659127425387,0.49764659127425354
98,-0.7129896520692853,0.7010140911865608,0.015000000000000003,89.14053107516418,135.48524107126443,0.4975822867984097,0.49758228679841054
99,0.9993645385147649,-0.035291913509624864,0.005000000000000003,89.7135199087591,357.9774770212305,0.4975501345616058,0.4975501345616062
100,-0.7607396535975882,-0.6490378875260069,-0.00499999999999988,90.2864800912409,220.46971297119006,0.49755013456160513,0.4975501345616063
101,0.12251469763687833,0.9923533387170843,-0.01499999999999988,90.85946892483582,82.96194892115615,0.4975822867984104,0.49758228679841104
102,0.5798704886194938,-0.8143250066332175,-0.024999999999999818,91.4325437375665,305.45418487111573,0.49764659127425426,0.49764659127425465
103,-0.977353568366409,0.20869835265628514,-0.03499999999999987,92.00576193490983,167.9464208210753,0.4977430479936074,0.49774304799360775
104,0.8612986664618655,0.5061023682527204,-0.044999999999999964,92.57918105164838,30.438656771034843,0.4978716569631687,0.4978716569631687
105,-0.2930806456086552,-0.9545044448139641,-0.05499999999999985,93.15285880404642,252.9308927210074,0.49803241819186717,0.4980324181918682
106,-0.42839189346457357,0.901252121003794,-0.06499999999999997,93.72685314248216,115.42312867096699,0.4982253316908521,0.49822533169085154
107,0.9240196663994663,-0.3749168655942526,-0.075,94.30122230467036,337.91536462092654,0.4984503974734875,0.4984503974734869
108,-0.9338438395798108,-0.3474344301862391,-0.08500000000000003,94.87602486961296,200.4076005708861,0.49870761555535276,0.4987076155553513
109,0.45348713024910337,0.8861853207419049,-0.09499999999999997,95.4513198124178,62.89983652084568,0.4989969859542245,0.4989969859542254
110,0.2639555233494524,-0.9588026291647915,-0.10500000000000005,96.0271665601311,285.3920724708183,0.4993185086900766,0.4993185086900766
111,-0.841357083929392,0.5281034532379333,-0.11499999999999992,96.6036250487339,147.88430842077784,0.49967218378506867,0.4996721837850681
112,0.9759303048252206,0.17870377758668732,-0.12499999999999999,97.18075578145829,10.376544370737392,0.5000580112635314,0.500058011263532
113,-0.5981165049074147,-0.7899567371428251,-0.1349999999999999,97.75861988858681,232.86878032069694,0.5004759911519635,0.5004759911519628
114,-0.09244350661237727,0.9851036483970645,-0.145,98.3372791889057,95.36101627065652,0.5009261234790172,0.5009261234790157
115,0.7324680337084691,-0.662922001139839,-0.15499999999999994,98.91679625299096,317.8532522206291,0.5014084082754762,0.5014084082754754
116,-0.9862756361969685,-0.005947221558441385,-0.16499999999999998,99.49723446851705,180.34548817058868,0.5019228455742611,0.5019228455742616
117,0.7219666589658533,0.6694319557219264,-0.17500000000000004,100.07865810778767,42.83772412054824,0.5024694354104055,0.5024694354104057
118,-0.08001196992225848,-0.9794759234759983,-0.18500000000000008,100.6611323977012,265.3299600705078,0.5030481778210346,0.5030481778210362
119,-0.60144140518051,0.7747536615818563,-0.19500000000000006,101.24472359237643,127.82219602046735,0.503659072845371,0.5036590728453703
120,0.9648105803706118,-0.1646679811163152,-0.20500000000000004,101.8294990486794,350.31443197043995,0.5043021205246978,0.5043021205246985
121,-0.8208475800742915,-0.5291353799229263,-0.215,102.41552730490848,212.8066679203995,0.5049773209023631,0.5049773209023631
122,0.24726930744810438,0.942461081209264,-0.22500000000000006,103.00287816291394,75.29890387035908,0.5056846740237549,0.505684674023755
123,0.4531926895794338,-0.8598787043018097,-0.23500000000000004,103.59162277394788,297.7911398203186,0.5064241799362879,0.5064241799362875
124,-0.9126825561333052,0.3270864591051975,-0.24500000000000013,104.18183372856346,160.2833757702782,0.507195838689392,0.5071958386893924
125,0.891546741007089,0.3743252711207712,-0.2549999999999999,104.77358515090748,22.775611720250787,0.5079996503345025,0.5079996503345009
126,-0.40341919401111653,-0.8758013210217379,-0.265,105.36695279777771,245.26784767021036,0.5088356149250323,0.5088356149250318
127,-0.29327116741363596,0.9156238432696274,-0.27499999999999997,105.96201416284724,107.76008362016992,0.5097037325163786,0.5097037325163779
128,0.8322117086094184,-0.47560348196096347,-0.2849999999999998,106.55884858649239,330.2523195701295,0.5106040031658959,0.5106040031658968
129,-0.9319569418051669,-0.2107872354322269,-0.295,107.1575373716982,192.74455552008902,0.511536426932894,0.5115364269328946
130,0.5430181333112201,0.7823722303962469,-0.30499999999999994,107.75816390655741,55.23679147004861,0.5125010038786286,0.5125010038786285
131,0.12764165336891972,-0.9404693553355412,-0.31499999999999995,108.36081379392586,277.72902742002117,0.5134977340662815,0.5134977340662821
132,-0.7268011053963197,0.6050910288499474,-0.325,108.96557498884859,140.22126336998076,0.5145266175609738,0.5145266175609741
133,0.9411616642175021,0.04460629784393599,-0.335,109.57253794442893,2.713499319940315,0.5155876544297383,0.5155876544297368
134,-0.6613048913298684,-0.6660711979234586,-0.3449999999999999,110.18179576687741,225.2057352698999,0.5166808447415312,0.5166808447415322
135,0.03755093631132891,0.9341118386907119,-0.35500000000000004,110.79344438054876,87.69797121985944,0.5178061885672379,0.5178061885672354
136,0.6008044123956015,-0.7112025436160757,-0.36500000000000005,111.40758270385622,310.19020716983204,0.5189636859796437,0.5189636859796435
137,-0.9194746204225598,0.118073800645146,-0.375,112.02431283704216,172.6824431197916,0.5201533370534716,0.5201533370534732
138,0.7543916034519796,0.5316655985120263,-0.38499999999999995,112.6437402628851,35.17467906975116,0.5213751418653696,0.5213751418653688
139,-0.196225269110616,-0.897480163436756,-0.395,113.26597406153651,257.6669150197107,0.522629100493922,0.5226291004939195
140,-0.45935602509231166,0.7905485704315652,-0.4050000000000001,113.8911271408089,120.15915096967029,0.5239152130196585,0.5239152130196575
141,0.8684319479697179,-0.27129495340960746,-0.415,114.51931648338041,342.65138691964285,0.5252334795250847,0.5252334795250857
142,-0.8194222668833835,-0.3846064853011415,-0.4249999999999999,115.15066341254371,205.14362286960244,0.5265839000946783,0.5265839000946795
143,0.3426062870774637,0.8327039882545263,-0.43500000000000016,115.78529387831112,67.635858819562,0.5279664748149323,0.527966474814933
144,0.30817009992158684,-0.8408366009602098,-0.44499999999999984,116.42333876589676,290.12809476952157,0.5293812037743684,0.5293812037743689
145,-0.7907373626579182,0.409523409949663,-0.4550000000000001,117.0649342288334,152.6203307194811,0.5308280870635739,0.530828087063572
146,0.8546926272829637,0.2308148887488518,-0.465,117.71022204925157,15.11256666945371,0.5323071247752295,0.5323071247752309
147,-0.47145768758375556,-0.7430361019615249,-0.47500000000000014,118.3593500281575,237.60480261941325,0.5338183170041652,0.533818317004163
148,-0.15331618305155706,0.8609698879836051,-0.4849999999999999,119.01247240889754,100.09703856937284,0.5353616638473873,0.535361663847386
149,0.6901624788860345,-0.5278738037996238,-0.4950000000000003,119.66975033740293,322.5892745193324,0.5369371654041402,0.5369371654041397
150,-0.8597270249136404,-0.07644895442804046,-0.5050000000000001,120.3313523632714,185.08151046929194,0.5385448217759626,0.538544821775962
151,0.578295368757893,0.6327317492217159,-0.5150000000000001,120.99745498628015,47.57374641926455,0.5401846330667398,0.5401846330667405
152,0.0009801372705401815,-0.8511016621596571,-0.5249999999999999,121.66824325354165,270.0659823692241,0.5418565993827844,0.5418565993827843
153,-0.5714064021986389,0.6223099898976452,-0.535,122.34391141323343,132.55821831918368,0.5435607208329024,0.5435607208329019
154,0.8353095668586633,-0.07233897645386157,-0.545,123.02466363166586,355.05045426914324,0.5452969975284763,0.5452969975284763
155,-0.6595737585603166,-0.5068899851236134,-0.555,123.71071478142593,217.5426902191028,0.5470654295835572,0.5470654295835563
156,0.14278019020323604,0.8126431057269407,-0.5650000000000001,124.40229130947232,80.03492616907539,0.548866017114955,0.5488660171149525
157,0.4399205749812444,-0.6898151112495081,-0.5749999999999998,125.09963219539351,302.527162119035,0.5506987602423435,0.5506987602423452
158,-0.7834690248455298,0.20964562267692224,-0.585,125.80299001161409,165.01939806899452,0.5525636590883806,0.5525636590883788
159,0.7128380311661774,0.37126397794982485,-0.595,126.512632099194,27.511634018954076,0.5544607137788039,0.5544607137788037
160,-0.27227461226387006,-0.748225591326947,-0.6049999999999998,127.22884187507354,250.00386996891365,0.5563899244425905,0.55638992444259
161,-0.30170674705242867,0.7285245629236132,-0.6150000000000001,127.95192028924644,112.49610591888623,0.558351291212071,0.5583512912120717
162,0.7074191479075191,-0.33005022219928837,-0.625,128.68218745348943,334.9883418688458,0.5603448142230837,0.5603448142230817
163,-0.7368366211744045,-0.23204911914568313,-0.6349999999999998,129.41998446705898,197.48057781880536,0.5623704936151234,0.5623704936151237
164,0.3824052595844573,0.6616201458859485,-0.645,130.16567546932956,59.972813768764915,0.5644283295315227,0.5644283295315233
165,0.16309798626239363,-0.7378170822616891,-0.655,130.91964995488652,282.46504971872446,0.5665183221196106,0.5665183221196128
166,-0.6114587391402392,0.42882771637223843,-0.665,131.6823253933395,144.9572856686971,0.5686404715309126,0.5686404715309121
167,0.7315901569628288,0.0956600346806514,-0.675,132.45415020440095,7.449521618656635,0.5707947779213309,0.5707947779213293
168,-0.4688655316766343,-0.5576200437624056,-0.6849999999999999,133.23560714898218,229.94175756861617,0.5729812414513615,0.5729812414513619
169,-0.0305352108353635,0.7183610519086067,-0.6950000000000001,134.027217209723,92.43399351857576,0.5751998622863255,0.5751998622863264
170,0.5008391967045681,-0.5021305597594341,-0.7050000000000002,134.8295440501774,314.9262294685353,0.5774506405965756,0.577450640596576
171,-0.698414937321617,0.031489289068529956,-0.7150000000000002,135.64319916174932,177.4184654184949,0.5797335765577591,0.57973357655776
172,0.5283016025246854,0.4418963869164913,-0.725,136.46884783262755,39.91070136846747,0.582048670351063,0.5820486703510622
173,-0.08964425130795356,-0.672115249200192,-0.7350000000000001,137.30721610506222,262.402937318427,0.5843959221634891,0.5843959221634889
174,-0.38161209091442533,0.5471263218562237,-0.7450000000000001,138.1590989286108,124.89517326838659,0.5867753321881296,0.5867753321881342
175,0.6399013646151085,-0.14318255327979795,-0.755,139.02536977055468,347.38740921834614,0.5891869006244828,0.5891869006244832
176,-0.5584217723871324,-0.3208428339919934,-0.7649999999999999,139.9069920148702,209.8796451683057,0.5916306276787403,0.5916306276787402
177,0.1913816539989797,0.6022856984128171,-0.775,140.80503257401708,72.37188111827831,0.5941065135641329,0.5941065135641328
178,0.2604779408881482,-0.5620731645530415,-0.7849999999999999,141.72067826207225,294.8641170682379,0.5966145585012871,0.5966145585012874
179,-0.5598502758437532,0.23354371890006645,-0.795,142.65525564598522,157.35635301819744,0.5991547627185807,0.599154762718582
180,0.5580302330156438,0.20143797814837736,-0.805,143.61025532246646,19.848588968157,0.6017271264525627,0.6017271264525632
181,-0.2689921841838932,-0.5132428322421837,-0.8150000000000001,144.58736188894045,242.34082491811657,0.6043316499483523,0.604331649948353
182,-0.1446760087070028,0.5463001487320056,-0.8249999999999998,145.58849133023054,104.83306086808916,0.6069683334601486,0.6069683334601481
183,0.46317246210460106,-0.2970627380671665,-0.835,146.61583819365174,327.32529681804874,0.609637177251713,0.6096371772517133
184,-0.526935061993123,-0.09118355357356762,-0.845,147.67193587783774,189.81753276800828,0.6123381815969887,0.612338181596991
185,0.31708507651374807,0.41040474443196984,-0.855,148.75973478381835,52.30976871796784,0.6150713467807505,0.615071346780748
186,0.04200468155703077,-0.5000106066147922,-0.865,149.88270525267794,274.8020046679274,0.6178366730993948,0.6178366730993945
187,-0.35575599464444096,0.3283484007491806,-0.875,151.04497562814015,137.29424061790002,0.6206341608618802,0.6206341608618788
188,0.4655877891444081,-0.0017351079568997045,-0.885,152.25152129934662,359.78647656785955,0.6234638103908243,0.6234638103908225
189,-0.33003590205744315,-0.3000854934066787,-0.895,153.50842979964392,222.27871251781912,0.6263256220238563,0.6263256220238559
190,0.038770957869057945,0.4236411368433378,-0.905,154.8232830593903,84.77094846777868,0.629219596115214,0.6292195961152159
191,0.24428207690308626,-0.32109385995984807,-0.915,156.20572704946338,307.2631844177382,0.6321457330376202,0.6321457330376203
192,-0.37390948865289997,0.06757732086526366,-0.925,157.6683549907785,169.75542036771085,0.6351040331843661,0.6351040331843655
193,0.29994317820458627,0.1892328984308268,-0.9350000000000002,159.22814495467176,32.247656317670405,0.6380944969714774,0.6380944969714761
194,-0.08608537223774108,-0.3155381255675603,-0.9450000000000001,160.90894748713967,254.73989226762995,0.6411171248396235,0.6411171248396242
195,-0.13572580199890683,0.263729988192002,-0.955,162.74614688264273,117.23212821758953,0.64417191725524,0.6441719172552384
196,0.24599992860813555,-0.09087923373792256,-0.9650000000000001,164.79639590670703,339.7243641675491,0.647258874710164,0.6472588747101644
197,-0.20570861055014522,-0.08401766210463404,-0.9750000000000001,167.16143185901598,202.2166001175217,0.650377997719037,0.6503779977190373
198,0.07371839427002018,0.15601473759311868,-0.9850000000000001,170.06363292785932,64.70883606748124,0.6535292868140543,0.6535292868140532
199,0.029535603474448772,-0.09540779909105915,-0.9950000000000001,174.26803203480233,287.2010720174408,0.656712742537467,0.6567127425374659
