n1,n2,n3,n4,n5,n6,plays,period_start,period_end,source_name
7,14,21,28,35,42,42177,2025-05-25,2026-05-25,OLG Common Number Combinations
1,2,3,4,5,6,29247,2025-05-25,2026-05-25,OLG Common Number Combinations
4,8,15,16,23,42,27857,2025-05-25,2026-05-25,OLG Common Number Combinations
7,13,19,25,31,37,18905,2025-05-25,2026-05-25,OLG Common Number Combinations
1,9,17,25,33,41,16949,2025-05-25,2026-05-25,OLG Common Number Combinations
8,14,21,30,38,45,15248,2025-05-25,2026-05-25,OLG Common Number Combinations
1,6,17,22,24,35,14963,2025-05-25,2026-05-25,OLG Common Number Combinations
6,12,18,24,30,36,13958,2025-05-25,2026-05-25,OLG Common Number Combinations
20,31,34,40,43,45,13588,2025-05-25,2026-05-25,OLG Common Number Combinations
8,16,24,32,40,48,11652,2025-05-25,2026-05-25,OLG Common Number Combinations
